{
  "version": "v0",
  "scenario": "base",
  "episodes": 20,
  "generations": 1000,
  "timestamp": "20260222_081725",
  "final_shannon": {
    "mean": 5.023467500797786,
    "std": 0.03214840030405595,
    "ci_95": 0.014089657655757823,
    "min": 4.961499429451374,
    "max": 5.11170722116668,
    "n": 20
  },
  "mean_shannon": {
    "mean": 5.01561884139536,
    "std": 0.0029824059225682866,
    "ci_95": 0.0013070970263546898,
    "min": 5.009167267185047,
    "max": 5.021191244996287,
    "n": 20
  },
  "final_diversity": {
    "mean": 1.0,
    "std": 0.0,
    "ci_95": 0.0,
    "min": 1.0,
    "max": 1.0,
    "n": 20
  },
  "mean_diversity": {
    "mean": 1.0,
    "std": 0.0,
    "ci_95": 0.0,
    "min": 1.0,
    "max": 1.0,
    "n": 20
  },
  "final_unique_glyphs": {
    "mean": 40.0,
    "std": 0.0,
    "ci_95": 0.0,
    "min": 40.0,
    "max": 40.0,
    "n": 20
  },
  "final_unique_sequences": {
    "mean": 100.0,
    "std": 0.0,
    "ci_95": 0.0,
    "min": 100.0,
    "max": 100.0,
    "n": 20
  }
}