{
  "version": "v0",
  "scenario": "high_entropy",
  "episodes": 20,
  "generations": 1000,
  "timestamp": "20260222_081733",
  "final_shannon": {
    "mean": 5.280739731342921,
    "std": 0.007172061965939418,
    "ci_95": 0.003143294746557539,
    "min": 5.268561305202517,
    "max": 5.297707799294633,
    "n": 20
  },
  "mean_shannon": {
    "mean": 5.27828247080981,
    "std": 0.0007519782080221446,
    "ci_95": 0.0003295689805842546,
    "min": 5.276706339390326,
    "max": 5.27916300778744,
    "n": 20
  },
  "final_diversity": {
    "mean": 1.0,
    "std": 0.0,
    "ci_95": 0.0,
    "min": 1.0,
    "max": 1.0,
    "n": 20
  },
  "mean_diversity": {
    "mean": 1.0,
    "std": 0.0,
    "ci_95": 0.0,
    "min": 1.0,
    "max": 1.0,
    "n": 20
  },
  "final_unique_glyphs": {
    "mean": 40.0,
    "std": 0.0,
    "ci_95": 0.0,
    "min": 40.0,
    "max": 40.0,
    "n": 20
  },
  "final_unique_sequences": {
    "mean": 100.0,
    "std": 0.0,
    "ci_95": 0.0,
    "min": 100.0,
    "max": 100.0,
    "n": 20
  }
}