{
  "version": "v0",
  "scenario": "large_pop",
  "episodes": 20,
  "generations": 1000,
  "timestamp": "20260222_081824",
  "final_shannon": {
    "mean": 5.03158510493615,
    "std": 0.015502956254803498,
    "ci_95": 0.006794470151437449,
    "min": 5.006352818734181,
    "max": 5.065547826679097,
    "n": 20
  },
  "mean_shannon": {
    "mean": 5.037453423098705,
    "std": 0.0014768703826466814,
    "ci_95": 0.0006472669836326046,
    "min": 5.034585099172094,
    "max": 5.0402687786205815,
    "n": 20
  },
  "final_diversity": {
    "mean": 1.0,
    "std": 0.0,
    "ci_95": 0.0,
    "min": 1.0,
    "max": 1.0,
    "n": 20
  },
  "mean_diversity": {
    "mean": 1.0,
    "std": 0.0,
    "ci_95": 0.0,
    "min": 1.0,
    "max": 1.0,
    "n": 20
  },
  "final_unique_glyphs": {
    "mean": 40.0,
    "std": 0.0,
    "ci_95": 0.0,
    "min": 40.0,
    "max": 40.0,
    "n": 20
  },
  "final_unique_sequences": {
    "mean": 500.0,
    "std": 0.0,
    "ci_95": 0.0,
    "min": 500.0,
    "max": 500.0,
    "n": 20
  }
}