{
  "version": "v0",
  "scenario": "low_entropy",
  "episodes": 20,
  "generations": 1000,
  "timestamp": "20260222_081742",
  "final_shannon": {
    "mean": 4.538726909987765,
    "std": 0.05575039725387243,
    "ci_95": 0.024433688894326164,
    "min": 4.44589024827916,
    "max": 4.685082811500673,
    "n": 20
  },
  "mean_shannon": {
    "mean": 4.517864425172449,
    "std": 0.005403171977418348,
    "ci_95": 0.0023680445277833593,
    "min": 4.505524602722449,
    "max": 4.528825134479232,
    "n": 20
  },
  "final_diversity": {
    "mean": 1.0,
    "std": 0.0,
    "ci_95": 0.0,
    "min": 1.0,
    "max": 1.0,
    "n": 20
  },
  "mean_diversity": {
    "mean": 1.0,
    "std": 0.0,
    "ci_95": 0.0,
    "min": 1.0,
    "max": 1.0,
    "n": 20
  },
  "final_unique_glyphs": {
    "mean": 40.0,
    "std": 0.0,
    "ci_95": 0.0,
    "min": 40.0,
    "max": 40.0,
    "n": 20
  },
  "final_unique_sequences": {
    "mean": 100.0,
    "std": 0.0,
    "ci_95": 0.0,
    "min": 100.0,
    "max": 100.0,
    "n": 20
  }
}