{
  "version": "v1",
  "scenario": "structured",
  "episodes": 20,
  "generations": 1000,
  "timestamp": "20260222_082237",
  "final_shannon": {
    "mean": 5.175115404582626,
    "std": 0.020360474262310094,
    "ci_95": 0.008923371282913409,
    "min": 5.13681888235745,
    "max": 5.2169377993868045,
    "n": 20
  },
  "mean_shannon": {
    "mean": 5.1683352377063745,
    "std": 0.001378458281215348,
    "ci_95": 0.0006041359785052278,
    "min": 5.1657142237626745,
    "max": 5.170744794009512,
    "n": 20
  },
  "final_diversity": {
    "mean": 1.0,
    "std": 0.0,
    "ci_95": 0.0,
    "min": 1.0,
    "max": 1.0,
    "n": 20
  },
  "mean_diversity": {
    "mean": 1.0,
    "std": 0.0,
    "ci_95": 0.0,
    "min": 1.0,
    "max": 1.0,
    "n": 20
  },
  "final_unique_glyphs": {
    "mean": 40.0,
    "std": 0.0,
    "ci_95": 0.0,
    "min": 40.0,
    "max": 40.0,
    "n": 20
  },
  "final_unique_sequences": {
    "mean": 100.0,
    "std": 0.0,
    "ci_95": 0.0,
    "min": 100.0,
    "max": 100.0,
    "n": 20
  },
  "template_adherence": {
    "mean": 1.0,
    "std": 0.0,
    "ci_95": 0.0,
    "min": 1.0,
    "max": 1.0,
    "n": 20
  }
}