{
  "version": "v2",
  "scenario": "four_dialects",
  "episodes": 20,
  "generations": 1000,
  "timestamp": "20260222_084439",
  "final_shannon": {
    "mean": 5.083781949628963,
    "std": 0.02348392894584532,
    "ci_95": 0.010292285654330283,
    "min": 5.054026723542972,
    "max": 5.1365316580924,
    "n": 20
  },
  "mean_shannon": {
    "mean": 5.088199421106796,
    "std": 0.00212569859267656,
    "ci_95": 0.000931628484368483,
    "min": 5.084382495975257,
    "max": 5.091718416213153,
    "n": 20
  },
  "final_diversity": {
    "mean": 1.0,
    "std": 0.0,
    "ci_95": 0.0,
    "min": 1.0,
    "max": 1.0,
    "n": 20
  },
  "mean_diversity": {
    "mean": 1.0,
    "std": 0.0,
    "ci_95": 0.0,
    "min": 1.0,
    "max": 1.0,
    "n": 20
  },
  "final_unique_glyphs": {
    "mean": 40.0,
    "std": 0.0,
    "ci_95": 0.0,
    "min": 40.0,
    "max": 40.0,
    "n": 20
  },
  "final_unique_sequences": {
    "mean": 100.0,
    "std": 0.0,
    "ci_95": 0.0,
    "min": 100.0,
    "max": 100.0,
    "n": 20
  },
  "mean_jaccard": {
    "mean": 0.5222222222222221,
    "std": 0.0,
    "ci_95": 0.0,
    "min": 0.5222222222222221,
    "max": 0.5222222222222221,
    "n": 20
  },
  "mean_foreign_frac": {
    "mean": 0.03498217821782179,
    "std": 0.0005820888787254491,
    "ci_95": 0.0002551116991482401,
    "min": 0.033999999999999996,
    "max": 0.036059405940594064,
    "n": 20
  }
}