{
  "version": "v2",
  "scenario": "high_mixing",
  "episodes": 20,
  "generations": 1000,
  "timestamp": "20260222_084539",
  "final_shannon": {
    "mean": 5.100215032607344,
    "std": 0.020997464243634287,
    "ci_95": 0.009202544451161943,
    "min": 5.059210190999095,
    "max": 5.148139325353576,
    "n": 20
  },
  "mean_shannon": {
    "mean": 5.090381896851438,
    "std": 0.0021222726050726683,
    "ci_95": 0.000930126979098698,
    "min": 5.085743640253659,
    "max": 5.094403879390251,
    "n": 20
  },
  "final_diversity": {
    "mean": 1.0,
    "std": 0.0,
    "ci_95": 0.0,
    "min": 1.0,
    "max": 1.0,
    "n": 20
  },
  "mean_diversity": {
    "mean": 1.0,
    "std": 0.0,
    "ci_95": 0.0,
    "min": 1.0,
    "max": 1.0,
    "n": 20
  },
  "final_unique_glyphs": {
    "mean": 40.0,
    "std": 0.0,
    "ci_95": 0.0,
    "min": 40.0,
    "max": 40.0,
    "n": 20
  },
  "final_unique_sequences": {
    "mean": 100.0,
    "std": 0.0,
    "ci_95": 0.0,
    "min": 100.0,
    "max": 100.0,
    "n": 20
  },
  "mean_jaccard": {
    "mean": 0.5222222222222221,
    "std": 0.0,
    "ci_95": 0.0,
    "min": 0.5222222222222221,
    "max": 0.5222222222222221,
    "n": 20
  },
  "mean_foreign_frac": {
    "mean": 0.17514752475247525,
    "std": 0.0015086174162964648,
    "ci_95": 0.0006611807345962829,
    "min": 0.17244554455445543,
    "max": 0.17716831683168316,
    "n": 20
  }
}