{
  "version": "v2",
  "scenario": "isolated",
  "episodes": 20,
  "generations": 1000,
  "timestamp": "20260222_084630",
  "final_shannon": {
    "mean": 5.0875414513278265,
    "std": 0.02270604272878407,
    "ci_95": 0.009951361988148895,
    "min": 5.045562218148458,
    "max": 5.127222792541005,
    "n": 20
  },
  "mean_shannon": {
    "mean": 5.088404149787807,
    "std": 0.0021348524440643587,
    "ci_95": 0.0009356403366244568,
    "min": 5.084065487559817,
    "max": 5.0921483339152,
    "n": 20
  },
  "final_diversity": {
    "mean": 1.0,
    "std": 0.0,
    "ci_95": 0.0,
    "min": 1.0,
    "max": 1.0,
    "n": 20
  },
  "mean_diversity": {
    "mean": 1.0,
    "std": 0.0,
    "ci_95": 0.0,
    "min": 1.0,
    "max": 1.0,
    "n": 20
  },
  "final_unique_glyphs": {
    "mean": 40.0,
    "std": 0.0,
    "ci_95": 0.0,
    "min": 40.0,
    "max": 40.0,
    "n": 20
  },
  "final_unique_sequences": {
    "mean": 100.0,
    "std": 0.0,
    "ci_95": 0.0,
    "min": 100.0,
    "max": 100.0,
    "n": 20
  },
  "mean_jaccard": {
    "mean": 0.5222222222222221,
    "std": 0.0,
    "ci_95": 0.0,
    "min": 0.5222222222222221,
    "max": 0.5222222222222221,
    "n": 20
  },
  "mean_foreign_frac": {
    "mean": 0.0,
    "std": 0.0,
    "ci_95": 0.0,
    "min": 0.0,
    "max": 0.0,
    "n": 20
  }
}