{
  "version": "v3",
  "scenario": "evolution_base",
  "episodes": 20,
  "generations": 1000,
  "timestamp": "20260222_085043",
  "final_shannon": {
    "mean": 1.8143817874299728,
    "std": 0.3447811399252535,
    "ci_95": 0.15110699698161578,
    "min": 1.4892677314132272,
    "max": 2.9068731531305807,
    "n": 20
  },
  "mean_shannon": {
    "mean": 1.8668834156755878,
    "std": 0.3100092221466142,
    "ci_95": 0.13586753209684585,
    "min": 1.7182708102712514,
    "max": 2.9799033555103374,
    "n": 20
  },
  "final_diversity": {
    "mean": 0.8564999999999999,
    "std": 0.04081730799034826,
    "ci_95": 0.017888973963692947,
    "min": 0.8,
    "max": 0.96,
    "n": 20
  },
  "mean_diversity": {
    "mean": 0.8637072927072926,
    "std": 0.004994723058450517,
    "ci_95": 0.002189033896346278,
    "min": 0.8545054945054945,
    "max": 0.8772527472527473,
    "n": 20
  },
  "final_unique_glyphs": {
    "mean": 39.1,
    "std": 1.252366181526625,
    "ci_95": 0.5488736792646135,
    "min": 36.0,
    "max": 40.0,
    "n": 20
  },
  "final_unique_sequences": {
    "mean": 85.65,
    "std": 4.081730799034825,
    "ci_95": 1.7888973963692947,
    "min": 80.0,
    "max": 96.0,
    "n": 20
  },
  "mean_fitness": {
    "mean": 3378.9053889999996,
    "std": 699.2509919873984,
    "ci_95": 306.46025927792476,
    "min": 985.1064399999999,
    "max": 3699.2567999999997,
    "n": 20
  },
  "final_fitness": {
    "mean": 3443.6200000000003,
    "std": 775.1377297242763,
    "ci_95": 339.71908849531485,
    "min": 925.1,
    "max": 4145.14,
    "n": 20
  }
}