{
  "version": "v3",
  "scenario": "high_mutation",
  "episodes": 20,
  "generations": 1000,
  "timestamp": "20260222_085216",
  "final_shannon": {
    "mean": 4.855794947895683,
    "std": 0.09051727430557938,
    "ci_95": 0.03967094458311303,
    "min": 4.68576154838367,
    "max": 4.985308230716421,
    "n": 20
  },
  "mean_shannon": {
    "mean": 4.873138299119413,
    "std": 0.008086483503686664,
    "ci_95": 0.003544057655382114,
    "min": 4.854065071903599,
    "max": 4.883959300041286,
    "n": 20
  },
  "final_diversity": {
    "mean": 1.0,
    "std": 0.0,
    "ci_95": 0.0,
    "min": 1.0,
    "max": 1.0,
    "n": 20
  },
  "mean_diversity": {
    "mean": 0.9997987012987014,
    "std": 4.517649971867803e-05,
    "ci_95": 1.9799473973866978e-05,
    "min": 0.9997002997002997,
    "max": 0.9998701298701299,
    "n": 20
  },
  "final_unique_glyphs": {
    "mean": 40.0,
    "std": 0.0,
    "ci_95": 0.0,
    "min": 40.0,
    "max": 40.0,
    "n": 20
  },
  "final_unique_sequences": {
    "mean": 100.0,
    "std": 0.0,
    "ci_95": 0.0,
    "min": 100.0,
    "max": 100.0,
    "n": 20
  },
  "mean_fitness": {
    "mean": 63.304408,
    "std": 2.0761272827058996,
    "ci_95": 0.9099028998781737,
    "min": 58.489740000000005,
    "max": 66.20195999999999,
    "n": 20
  },
  "final_fitness": {
    "mean": 64.292,
    "std": 13.271481732211406,
    "ci_95": 5.816483321812787,
    "min": 46.72,
    "max": 85.88,
    "n": 20
  }
}