{
  "version": "v3",
  "scenario": "large_tournament",
  "episodes": 20,
  "generations": 1000,
  "timestamp": "20260222_085502",
  "final_shannon": {
    "mean": 1.010791943379663,
    "std": 0.11368627926447485,
    "ci_95": 0.049825208714700545,
    "min": 0.7728034472108846,
    "max": 1.1683892558562052,
    "n": 20
  },
  "mean_shannon": {
    "mean": 1.0592462787079442,
    "std": 0.018256555706003857,
    "ci_95": 0.008001288320352712,
    "min": 1.0407819195044234,
    "max": 1.1095128348840624,
    "n": 20
  },
  "final_diversity": {
    "mean": 0.6719999999999999,
    "std": 0.06606217167423266,
    "ci_95": 0.02895302329454968,
    "min": 0.55,
    "max": 0.76,
    "n": 20
  },
  "mean_diversity": {
    "mean": 0.6692822177822176,
    "std": 0.001726838964481295,
    "ci_95": 0.000756820544912002,
    "min": 0.6656343656343656,
    "max": 0.6720579420579421,
    "n": 20
  },
  "final_unique_glyphs": {
    "mean": 37.55,
    "std": 1.3562719801759993,
    "ci_95": 0.5944124033557491,
    "min": 35.0,
    "max": 40.0,
    "n": 20
  },
  "final_unique_sequences": {
    "mean": 67.2,
    "std": 6.606217167423267,
    "ci_95": 2.8953023294549687,
    "min": 55.0,
    "max": 76.0,
    "n": 20
  },
  "mean_fitness": {
    "mean": 5143.099536,
    "std": 43.4900814270596,
    "ci_95": 19.06036856990964,
    "min": 5018.60398,
    "max": 5183.849179999999,
    "n": 20
  },
  "final_fitness": {
    "mean": 5262.966999999999,
    "std": 175.695693776424,
    "ci_95": 77.00203286906188,
    "min": 5005.26,
    "max": 5614.16,
    "n": 20
  }
}