{
  "version": "v3",
  "scenario": "low_mutation",
  "episodes": 20,
  "generations": 1000,
  "timestamp": "20260222_085336",
  "final_shannon": {
    "mean": 0.2550909115496491,
    "std": 0.2130464063563776,
    "ci_95": 0.09337170440708109,
    "min": 0.12340566613436199,
    "max": 1.143573733468308,
    "n": 20
  },
  "mean_shannon": {
    "mean": 0.3259278069359272,
    "std": 0.21343198623464407,
    "ci_95": 0.09354069223951884,
    "min": 0.254911718260452,
    "max": 1.2268699452123735,
    "n": 20
  },
  "final_diversity": {
    "mean": 0.181,
    "std": 0.039456838510746876,
    "ci_95": 0.01729272192510327,
    "min": 0.12,
    "max": 0.26,
    "n": 20
  },
  "mean_diversity": {
    "mean": 0.2032702297702298,
    "std": 0.0015465330073128516,
    "ci_95": 0.0006777979750245482,
    "min": 0.20082917082917082,
    "max": 0.205994005994006,
    "n": 20
  },
  "final_unique_glyphs": {
    "mean": 16.05,
    "std": 2.438183102661747,
    "ci_95": 1.068580859192031,
    "min": 11.0,
    "max": 20.0,
    "n": 20
  },
  "final_unique_sequences": {
    "mean": 18.1,
    "std": 3.945683851074688,
    "ci_95": 1.729272192510327,
    "min": 12.0,
    "max": 26.0,
    "n": 20
  },
  "mean_fitness": {
    "mean": 7128.834467999999,
    "std": 889.1513124914824,
    "ci_95": 389.68774429476605,
    "min": 3363.1024199999997,
    "max": 7397.852,
    "n": 20
  },
  "final_fitness": {
    "mean": 7283.145999999999,
    "std": 824.1262242897658,
    "ci_95": 361.1892428722223,
    "min": 3811.72,
    "max": 7656.58,
    "n": 20
  }
}