{
  "version": "v4",
  "scenario": "entropy_storms",
  "episodes": 20,
  "generations": 1000,
  "timestamp": "20260222_090434",
  "final_shannon": {
    "mean": 0.7024017216160637,
    "std": 0.2093333229166234,
    "ci_95": 0.09174437383950695,
    "min": 0.51814904450723,
    "max": 1.5160743038369413,
    "n": 20
  },
  "mean_shannon": {
    "mean": 0.8854364442321087,
    "std": 0.19109305748385153,
    "ci_95": 0.08375022504618472,
    "min": 0.827627437328703,
    "max": 1.6942513000697876,
    "n": 20
  },
  "final_diversity": {
    "mean": 0.44699999999999995,
    "std": 0.03867543760171578,
    "ci_95": 0.016950257877249634,
    "min": 0.36,
    "max": 0.51,
    "n": 20
  },
  "mean_diversity": {
    "mean": 0.5393891108891108,
    "std": 0.0030476593768776063,
    "ci_95": 0.0013356956136367437,
    "min": 0.5332267732267733,
    "max": 0.545074925074925,
    "n": 20
  },
  "final_unique_glyphs": {
    "mean": 31.15,
    "std": 2.3004576203785834,
    "ci_95": 1.0082200052306878,
    "min": 26.0,
    "max": 34.0,
    "n": 20
  },
  "final_unique_sequences": {
    "mean": 44.7,
    "std": 3.867543760171577,
    "ci_95": 1.6950257877249628,
    "min": 36.0,
    "max": 51.0,
    "n": 20
  },
  "mean_fitness": {
    "mean": 5614.434499,
    "std": 765.2124691636822,
    "ci_95": 335.3691512629692,
    "min": 2367.4788000000003,
    "max": 5820.65916,
    "n": 20
  },
  "final_fitness": {
    "mean": 5032.871999999999,
    "std": 746.0162989442833,
    "ci_95": 326.9560587253955,
    "min": 2085.62,
    "max": 5539.82,
    "n": 20
  },
  "mean_mutation_rate": {
    "mean": 0.060331412573742346,
    "std": 7.119154932824459e-18,
    "ci_95": 3.120107216941094e-18,
    "min": 0.06033141257374234,
    "max": 0.06033141257374234,
    "n": 20
  },
  "mutation_rate_variance": {
    "mean": 0.0008503833417568662,
    "std": 2.2247359165076434e-19,
    "ci_95": 9.750335052940919e-20,
    "min": 0.0008503833417568664,
    "max": 0.0008503833417568664,
    "n": 20
  }
}