{
  "version": "v4",
  "scenario": "periodic_drift",
  "episodes": 20,
  "generations": 1000,
  "timestamp": "20260222_090150",
  "final_shannon": {
    "mean": 1.1048512260975207,
    "std": 0.49610332885589375,
    "ci_95": 0.21742687036839944,
    "min": 0.8207538351938606,
    "max": 2.992089594611335,
    "n": 20
  },
  "mean_shannon": {
    "mean": 1.0583829862757879,
    "std": 0.47936704878319986,
    "ci_95": 0.21009187222152775,
    "min": 0.8962176460850377,
    "max": 2.930395546391192,
    "n": 20
  },
  "final_diversity": {
    "mean": 0.6275000000000001,
    "std": 0.04621175516889045,
    "ci_95": 0.0202531946797744,
    "min": 0.54,
    "max": 0.7,
    "n": 20
  },
  "mean_diversity": {
    "mean": 0.5887132867132868,
    "std": 0.002877067376532057,
    "ci_95": 0.0012609303730354417,
    "min": 0.5838861138861139,
    "max": 0.5941258741258741,
    "n": 20
  },
  "final_unique_glyphs": {
    "mean": 36.6,
    "std": 1.6982963599783722,
    "ci_95": 0.7443111969430104,
    "min": 32.0,
    "max": 39.0,
    "n": 20
  },
  "final_unique_sequences": {
    "mean": 62.75,
    "std": 4.621175516889045,
    "ci_95": 2.02531946797744,
    "min": 54.0,
    "max": 70.0,
    "n": 20
  },
  "mean_fitness": {
    "mean": 5205.859844,
    "std": 1201.3791041818022,
    "ci_95": 526.527607364869,
    "min": 1177.9338400000001,
    "max": 5633.88858,
    "n": 20
  },
  "final_fitness": {
    "mean": 5524.576,
    "std": 1302.930259693612,
    "ci_95": 571.0343636008087,
    "min": 1279.7,
    "max": 6307.14,
    "n": 20
  },
  "mean_mutation_rate": {
    "mean": 0.06562363642229999,
    "std": 1.4238309865648918e-17,
    "ci_95": 6.240214433882188e-18,
    "min": 0.0656236364223,
    "max": 0.0656236364223,
    "n": 20
  },
  "mutation_rate_variance": {
    "mean": 0.00020532791056518184,
    "std": 0.0,
    "ci_95": 0.0,
    "min": 0.00020532791056518184,
    "max": 0.00020532791056518184,
    "n": 20
  }
}