{
  "version": "v4",
  "scenario": "stable_drift",
  "episodes": 20,
  "generations": 1000,
  "timestamp": "20260222_090311",
  "final_shannon": {
    "mean": 0.7638789524754765,
    "std": 0.08780458388390915,
    "ci_95": 0.038482055586898656,
    "min": 0.6468840715578689,
    "max": 0.9453977830290184,
    "n": 20
  },
  "mean_shannon": {
    "mean": 0.8169714033806692,
    "std": 0.019027620018748456,
    "ci_95": 0.008339222155143645,
    "min": 0.7967299279780854,
    "max": 0.8733616552308087,
    "n": 20
  },
  "final_diversity": {
    "mean": 0.5335,
    "std": 0.053535526817048755,
    "ci_95": 0.023462979126140055,
    "min": 0.45,
    "max": 0.63,
    "n": 20
  },
  "mean_diversity": {
    "mean": 0.5422157842157843,
    "std": 0.0027825372497387504,
    "ci_95": 0.0012195007183068663,
    "min": 0.5375924075924076,
    "max": 0.5473826173826174,
    "n": 20
  },
  "final_unique_glyphs": {
    "mean": 33.6,
    "std": 1.7888543819998317,
    "ci_95": 0.7839999999999999,
    "min": 31.0,
    "max": 37.0,
    "n": 20
  },
  "final_unique_sequences": {
    "mean": 53.35,
    "std": 5.353552681704876,
    "ci_95": 2.346297912614006,
    "min": 45.0,
    "max": 63.0,
    "n": 20
  },
  "mean_fitness": {
    "mean": 5849.472341999999,
    "std": 59.40277952469901,
    "ci_95": 26.034416001653284,
    "min": 5639.10484,
    "max": 5897.45196,
    "n": 20
  },
  "final_fitness": {
    "mean": 5974.445000000001,
    "std": 264.28163453526537,
    "ci_95": 115.82653320501943,
    "min": 5406.62,
    "max": 6370.4,
    "n": 20
  },
  "mean_mutation_rate": {
    "mean": 0.059991519906531995,
    "std": 1.4238309865648918e-17,
    "ci_95": 6.240214433882188e-18,
    "min": 0.05999151990653201,
    "max": 0.05999151990653201,
    "n": 20
  },
  "mutation_rate_variance": {
    "mean": 1.0884253863273721e-07,
    "std": 2.7157420855806194e-23,
    "ci_95": 1.190226446892202e-23,
    "min": 1.0884253863273723e-07,
    "max": 1.0884253863273723e-07,
    "n": 20
  }
}