{
  "version": "v5",
  "scenario": "grammar_high_pressure",
  "episodes": 20,
  "generations": 1000,
  "timestamp": "20260222_091118",
  "final_shannon": {
    "mean": 0.6996922504058795,
    "std": 0.06547086236229097,
    "ci_95": 0.028693870562372555,
    "min": 0.5473861864304926,
    "max": 0.7983528118931442,
    "n": 20
  },
  "mean_shannon": {
    "mean": 0.6614923426768575,
    "std": 0.027379075839422964,
    "ci_95": 0.011999409048662084,
    "min": 0.6316527018785056,
    "max": 0.73616541212017,
    "n": 20
  },
  "final_diversity": {
    "mean": 0.51,
    "std": 0.045305977298226004,
    "ci_95": 0.019856220025075536,
    "min": 0.42,
    "max": 0.59,
    "n": 20
  },
  "mean_diversity": {
    "mean": 0.4436113886113886,
    "std": 0.001549112884965936,
    "ci_95": 0.0006789286562585104,
    "min": 0.4403096903096903,
    "max": 0.4465934065934066,
    "n": 20
  },
  "final_unique_glyphs": {
    "mean": 34.15,
    "std": 2.6212692787233722,
    "ci_95": 1.1488219137332314,
    "min": 28.0,
    "max": 38.0,
    "n": 20
  },
  "final_unique_sequences": {
    "mean": 51.0,
    "std": 4.530597729822599,
    "ci_95": 1.9856220025075533,
    "min": 42.0,
    "max": 59.0,
    "n": 20
  },
  "mean_fitness": {
    "mean": 6233.103182,
    "std": 70.53908965925966,
    "ci_95": 30.915119111615184,
    "min": 6045.595380000001,
    "max": 6320.82494,
    "n": 20
  },
  "final_fitness": {
    "mean": 7302.565,
    "std": 171.63665034632112,
    "ci_95": 75.22307865052842,
    "min": 6990.0,
    "max": 7656.5,
    "n": 20
  },
  "mean_mutation_rate": {
    "mean": 0.05914322812545268,
    "std": 0.0,
    "ci_95": 0.0,
    "min": 0.05914322812545268,
    "max": 0.05914322812545268,
    "n": 20
  },
  "mutation_rate_variance": {
    "mean": 0.0008999477106895408,
    "std": 2.2247359165076434e-19,
    "ci_95": 9.750335052940919e-20,
    "min": 0.000899947710689541,
    "max": 0.000899947710689541,
    "n": 20
  },
  "significant_bigrams": {
    "mean": 0.0,
    "std": 0.0,
    "ci_95": 0.0,
    "min": 0.0,
    "max": 0.0,
    "n": 20
  },
  "significant_trigrams": {
    "mean": 0.0,
    "std": 0.0,
    "ci_95": 0.0,
    "min": 0.0,
    "max": 0.0,
    "n": 20
  },
  "mutual_information_metric": {
    "mean": 0.03970073894250782,
    "std": 0.01400552498847595,
    "ci_95": 0.00613819196322162,
    "min": 0.018137062615630802,
    "max": 0.07621880978189197,
    "n": 20
  },
  "compression_ratio": {
    "mean": 0.06526757774570029,
    "std": 0.004939652562024998,
    "ci_95": 0.0021648981871281022,
    "min": 0.0547945205479452,
    "max": 0.07519708914493632,
    "n": 20
  }
}