{
  "version": "v6",
  "scenario": "v6_circular_compare",
  "episodes": 20,
  "generations": 1000,
  "timestamp": "20260222_110901",
  "final_shannon": {
    "mean": 0.8576928846250382,
    "std": 0.2233539613937332,
    "ci_95": 0.09788918958116921,
    "min": 0.6373093654200799,
    "max": 1.7033591290265975,
    "n": 20
  },
  "mean_shannon": {
    "mean": 0.8642218395117862,
    "std": 0.19167808406095457,
    "ci_95": 0.08400662424841382,
    "min": 0.803176303377422,
    "max": 1.674773877482464,
    "n": 20
  },
  "final_diversity": {
    "mean": 0.5595000000000001,
    "std": 0.06394693523786568,
    "ci_95": 0.02802598005235029,
    "min": 0.43,
    "max": 0.7,
    "n": 20
  },
  "mean_diversity": {
    "mean": 0.5285609390609392,
    "std": 0.0024705745864288206,
    "ci_95": 0.0010827770528727013,
    "min": 0.5242557442557443,
    "max": 0.5333166833166832,
    "n": 20
  },
  "final_unique_glyphs": {
    "mean": 35.0,
    "std": 2.4279079146675357,
    "ci_95": 1.0640775595000482,
    "min": 29.0,
    "max": 40.0,
    "n": 20
  },
  "final_unique_sequences": {
    "mean": 55.95,
    "std": 6.39469352378657,
    "ci_95": 2.8025980052350294,
    "min": 43.0,
    "max": 70.0,
    "n": 20
  },
  "mean_fitness": {
    "mean": 5668.870435,
    "std": 772.2247773785656,
    "ci_95": 338.4424308411104,
    "min": 2393.43642,
    "max": 5885.04956,
    "n": 20
  },
  "final_fitness": {
    "mean": 6180.911,
    "std": 957.4762727850313,
    "ci_95": 419.63247842693045,
    "min": 2538.32,
    "max": 7124.58,
    "n": 20
  },
  "mean_mutation_rate": {
    "mean": 0.05914322812545268,
    "std": 0.0,
    "ci_95": 0.0,
    "min": 0.05914322812545268,
    "max": 0.05914322812545268,
    "n": 20
  },
  "mutation_rate_variance": {
    "mean": 0.0008999477106895408,
    "std": 2.2247359165076434e-19,
    "ci_95": 9.750335052940919e-20,
    "min": 0.000899947710689541,
    "max": 0.000899947710689541,
    "n": 20
  },
  "significant_bigrams": {
    "mean": 0.1,
    "std": 0.44721359549995787,
    "ci_95": 0.19599999999999995,
    "min": 0.0,
    "max": 2.0,
    "n": 20
  },
  "significant_trigrams": {
    "mean": 0.1,
    "std": 0.44721359549995787,
    "ci_95": 0.19599999999999995,
    "min": 0.0,
    "max": 2.0,
    "n": 20
  },
  "mutual_information_metric": {
    "mean": 0.08836297050658812,
    "std": 0.12117623046103386,
    "ci_95": 0.05310782455933826,
    "min": 0.024297882345823103,
    "max": 0.5978125058973751,
    "n": 20
  },
  "compression_ratio": {
    "mean": 0.0727682533074432,
    "std": 0.007229644306243902,
    "ci_95": 0.0031685313198935115,
    "min": 0.05987903225806451,
    "max": 0.08945233265720082,
    "n": 20
  },
  "permutation_bigrams": {
    "mean": 0.55,
    "std": 0.8255779474818965,
    "ci_95": 0.36182548861367725,
    "min": 0.0,
    "max": 2.0,
    "n": 20
  },
  "position_entropy": {
    "mean": 0.6414092198176687,
    "std": 0.08392136432783978,
    "ci_95": 0.03678015957870883,
    "min": 0.5005897732525417,
    "max": 0.8347658304838473,
    "n": 20
  },
  "ncd_vs_shuffled": {
    "mean": 0.748850386853988,
    "std": 0.03302527759012707,
    "ci_95": 0.014473966070795615,
    "min": 0.7107438016528925,
    "max": 0.8714524207011686,
    "n": 20
  }
}