{
  "version": "v6",
  "scenario": "v6_sliding_no_select",
  "episodes": 20,
  "generations": 1000,
  "timestamp": "20260222_110900",
  "final_shannon": {
    "mean": 5.19914617094632,
    "std": 0.02958174063557361,
    "ci_95": 0.012964769458966442,
    "min": 5.145533309255337,
    "max": 5.247978547155217,
    "n": 20
  },
  "mean_shannon": {
    "mean": 5.183269309967785,
    "std": 0.0034703715630791986,
    "ci_95": 0.001520957397556548,
    "min": 5.1754716728485235,
    "max": 5.191630814309456,
    "n": 20
  },
  "final_diversity": {
    "mean": 0.9814999999999998,
    "std": 0.010894228312566064,
    "ci_95": 0.004774606073582906,
    "min": 0.96,
    "max": 1.0,
    "n": 20
  },
  "mean_diversity": {
    "mean": 0.9852002997002998,
    "std": 0.0003742620528194154,
    "ci_95": 0.00016402757673455458,
    "min": 0.9842257742257744,
    "max": 0.9856143856143857,
    "n": 20
  },
  "final_unique_glyphs": {
    "mean": 40.0,
    "std": 0.0,
    "ci_95": 0.0,
    "min": 40.0,
    "max": 40.0,
    "n": 20
  },
  "final_unique_sequences": {
    "mean": 98.15,
    "std": 1.0894228312566052,
    "ci_95": 0.47746060735829016,
    "min": 96.0,
    "max": 100.0,
    "n": 20
  },
  "mean_fitness": {
    "mean": 15.9316835,
    "std": 0.10089723689685941,
    "ci_95": 0.0442201637668824,
    "min": 15.755670000000002,
    "max": 16.10242,
    "n": 20
  },
  "final_fitness": {
    "mean": 15.488499999999998,
    "std": 0.8893597638041,
    "ci_95": 0.3897791021105484,
    "min": 13.68,
    "max": 17.33,
    "n": 20
  },
  "significant_bigrams": {
    "mean": 14.0,
    "std": 4.34074938958216,
    "ci_95": 1.9024172988456995,
    "min": 3.0,
    "max": 19.0,
    "n": 20
  },
  "significant_trigrams": {
    "mean": 0.0,
    "std": 0.0,
    "ci_95": 0.0,
    "min": 0.0,
    "max": 0.0,
    "n": 20
  },
  "mutual_information_metric": {
    "mean": 1.5365398905021481,
    "std": 0.0640577445583346,
    "ci_95": 0.028074544378279668,
    "min": 1.381525406756142,
    "max": 1.6389278748809704,
    "n": 20
  },
  "compression_ratio": {
    "mean": 0.2957913292822984,
    "std": 0.004049910547771102,
    "ci_95": 0.0017749515563714802,
    "min": 0.2900482647667203,
    "max": 0.3034848834525733,
    "n": 20
  },
  "permutation_bigrams": {
    "mean": 70.15,
    "std": 7.506313132430945,
    "ci_95": 3.2897867792049347,
    "min": 51.0,
    "max": 80.0,
    "n": 20
  },
  "position_entropy": {
    "mean": 4.284213990777615,
    "std": 0.05793563719637272,
    "ci_95": 0.025391412525807528,
    "min": 4.165390913961135,
    "max": 4.360430583515675,
    "n": 20
  },
  "ncd_vs_shuffled": {
    "mean": 0.8702069011677489,
    "std": 0.008025697018722565,
    "ci_95": 0.003517416803733487,
    "min": 0.856439127375088,
    "max": 0.8822684852835606,
    "n": 20
  }
}