{
  "version": "v6",
  "scenario": "v6_sliding_high",
  "episodes": 20,
  "generations": 1000,
  "timestamp": "20260222_110856",
  "final_shannon": {
    "mean": 0.7705270721681888,
    "std": 0.31129824246862736,
    "ci_95": 0.13643247016146828,
    "min": 0.5473861864304926,
    "max": 2.064731069661366,
    "n": 20
  },
  "mean_shannon": {
    "mean": 0.7685519600153136,
    "std": 0.4999894256962696,
    "ci_95": 0.21913002740203602,
    "min": 0.6326978877176054,
    "max": 2.889434771655896,
    "n": 20
  },
  "final_diversity": {
    "mean": 0.5095,
    "std": 0.045937600698063644,
    "ci_95": 0.02013304118528597,
    "min": 0.42,
    "max": 0.59,
    "n": 20
  },
  "mean_diversity": {
    "mean": 0.4444565434565435,
    "std": 0.0015821207354980037,
    "ci_95": 0.0006933949845843581,
    "min": 0.4417482517482517,
    "max": 0.4472627372627373,
    "n": 20
  },
  "final_unique_glyphs": {
    "mean": 34.1,
    "std": 2.5526044491233284,
    "ci_95": 1.1187282253100004,
    "min": 28.0,
    "max": 38.0,
    "n": 20
  },
  "final_unique_sequences": {
    "mean": 50.95,
    "std": 4.593760069806364,
    "ci_95": 2.013304118528597,
    "min": 42.0,
    "max": 59.0,
    "n": 20
  },
  "mean_fitness": {
    "mean": 5961.8470529999995,
    "std": 1118.7138464626034,
    "ci_95": 490.2979607798862,
    "min": 1219.25068,
    "max": 6280.354230000001,
    "n": 20
  },
  "final_fitness": {
    "mean": 6073.3009999999995,
    "std": 953.2855001182959,
    "ci_95": 417.7957913249611,
    "min": 2063.38,
    "max": 6561.64,
    "n": 20
  },
  "mean_mutation_rate": {
    "mean": 0.05914322812545268,
    "std": 0.0,
    "ci_95": 0.0,
    "min": 0.05914322812545268,
    "max": 0.05914322812545268,
    "n": 20
  },
  "mutation_rate_variance": {
    "mean": 0.0008999477106895408,
    "std": 2.2247359165076434e-19,
    "ci_95": 9.750335052940919e-20,
    "min": 0.000899947710689541,
    "max": 0.000899947710689541,
    "n": 20
  },
  "significant_bigrams": {
    "mean": 0.15,
    "std": 0.6708203932499369,
    "ci_95": 0.294,
    "min": 0.0,
    "max": 3.0,
    "n": 20
  },
  "significant_trigrams": {
    "mean": 0.15,
    "std": 0.6708203932499369,
    "ci_95": 0.294,
    "min": 0.0,
    "max": 3.0,
    "n": 20
  },
  "mutual_information_metric": {
    "mean": 0.11136324992065534,
    "std": 0.3234490534833923,
    "ci_95": 0.14175779788597873,
    "min": 0.018137062615630802,
    "max": 1.484307795450027,
    "n": 20
  },
  "compression_ratio": {
    "mean": 0.06563020015390353,
    "std": 0.004756769373446303,
    "ci_95": 0.002084746095773743,
    "min": 0.0547945205479452,
    "max": 0.07519708914493632,
    "n": 20
  },
  "permutation_bigrams": {
    "mean": 0.35,
    "std": 1.3484884325167863,
    "ci_95": 0.5910011131880156,
    "min": 0.0,
    "max": 6.0,
    "n": 20
  },
  "position_entropy": {
    "mean": 0.5500933629907753,
    "std": 0.054414608324887474,
    "ci_95": 0.023848253583960973,
    "min": 0.4275743213810596,
    "max": 0.6388968102516004,
    "n": 20
  },
  "ncd_vs_shuffled": {
    "mean": 0.7384014788538442,
    "std": 0.05081846425382323,
    "ci_95": 0.022272173954403604,
    "min": 0.6834532374100719,
    "max": 0.9264705882352942,
    "n": 20
  }
}