{
  "version": "v7",
  "scenario": "v7_hiero_40",
  "episodes": 20,
  "generations": 1000,
  "timestamp": "20260222_111625",
  "final_shannon": {
    "mean": 0.8239108771964736,
    "std": 0.1031167821453035,
    "ci_95": 0.0451929223615953,
    "min": 0.63520949994997,
    "max": 1.0365532293802293,
    "n": 20
  },
  "mean_shannon": {
    "mean": 0.8324075849672296,
    "std": 0.015241014328239072,
    "ci_95": 0.006679669040462207,
    "min": 0.8117253556353213,
    "max": 0.8717378433427593,
    "n": 20
  },
  "final_diversity": {
    "mean": 0.5625,
    "std": 0.06640188646654392,
    "ci_95": 0.02910190986678944,
    "min": 0.43,
    "max": 0.7,
    "n": 20
  },
  "mean_diversity": {
    "mean": 0.5298296703296704,
    "std": 0.002158699986544776,
    "ci_95": 0.0009460919829366321,
    "min": 0.525994005994006,
    "max": 0.5331468531468532,
    "n": 20
  },
  "final_unique_glyphs": {
    "mean": 34.95,
    "std": 2.350251946180731,
    "ci_95": 1.0300433307186132,
    "min": 29.0,
    "max": 39.0,
    "n": 20
  },
  "final_unique_sequences": {
    "mean": 56.25,
    "std": 6.6401886466543925,
    "ci_95": 2.910190986678944,
    "min": 43.0,
    "max": 70.0,
    "n": 20
  },
  "mean_fitness": {
    "mean": 5797.1322875,
    "std": 37.252538829756126,
    "ci_95": 16.326644994925893,
    "min": 5702.94522,
    "max": 5845.072010000001,
    "n": 20
  },
  "final_fitness": {
    "mean": 5644.043,
    "std": 390.1927927805622,
    "ci_95": 171.00953136161394,
    "min": 4783.55,
    "max": 6261.64,
    "n": 20
  },
  "mean_mutation_rate": {
    "mean": 0.05914322812545268,
    "std": 0.0,
    "ci_95": 0.0,
    "min": 0.05914322812545268,
    "max": 0.05914322812545268,
    "n": 20
  },
  "mutation_rate_variance": {
    "mean": 0.0008999477106895408,
    "std": 2.2247359165076434e-19,
    "ci_95": 9.750335052940919e-20,
    "min": 0.000899947710689541,
    "max": 0.000899947710689541,
    "n": 20
  },
  "significant_bigrams": {
    "mean": 0.0,
    "std": 0.0,
    "ci_95": 0.0,
    "min": 0.0,
    "max": 0.0,
    "n": 20
  },
  "significant_trigrams": {
    "mean": 0.0,
    "std": 0.0,
    "ci_95": 0.0,
    "min": 0.0,
    "max": 0.0,
    "n": 20
  },
  "mutual_information_metric": {
    "mean": 0.06281167250059551,
    "std": 0.01740118441045618,
    "ci_95": 0.007626405321234765,
    "min": 0.03828707669528838,
    "max": 0.10385471695982004,
    "n": 20
  },
  "compression_ratio": {
    "mean": 0.07250450090018004,
    "std": 0.0072893642215406465,
    "ci_95": 0.0031947047267754654,
    "min": 0.0592118423684737,
    "max": 0.08821764352870574,
    "n": 20
  },
  "permutation_bigrams": {
    "mean": 0.55,
    "std": 0.6863327411532597,
    "ci_95": 0.30079858622288136,
    "min": 0.0,
    "max": 2.0,
    "n": 20
  },
  "position_entropy": {
    "mean": 0.6464174808108514,
    "std": 0.0851342633900971,
    "ci_95": 0.03731173603030724,
    "min": 0.5005742601036924,
    "max": 0.8294117092634297,
    "n": 20
  },
  "ncd_vs_shuffled": {
    "mean": 0.7529841632693268,
    "std": 0.0184659053857671,
    "ci_95": 0.008093039862896322,
    "min": 0.7162162162162162,
    "max": 0.7847769028871391,
    "n": 20
  }
}