{
  "version": "v7",
  "scenario": "v7_hiero_80",
  "episodes": 20,
  "generations": 1000,
  "timestamp": "20260222_111623",
  "final_shannon": {
    "mean": 1.311318073682815,
    "std": 1.017304018351618,
    "ci_95": 0.4458531440083106,
    "min": 0.6825608869072168,
    "max": 3.6831840249408567,
    "n": 20
  },
  "mean_shannon": {
    "mean": 1.3327695621462574,
    "std": 1.0063783719113462,
    "ci_95": 0.4410647683331496,
    "min": 0.8774847800392012,
    "max": 3.667946000660806,
    "n": 20
  },
  "final_diversity": {
    "mean": 0.5770000000000001,
    "std": 0.06465291950097846,
    "ci_95": 0.028335391297809882,
    "min": 0.45,
    "max": 0.71,
    "n": 20
  },
  "mean_diversity": {
    "mean": 0.5442267732267733,
    "std": 0.0021982344980630464,
    "ci_95": 0.0009634187465582039,
    "min": 0.5400999000999,
    "max": 0.5487012987012987,
    "n": 20
  },
  "final_unique_glyphs": {
    "mean": 52.3,
    "std": 4.168806468093841,
    "ci_95": 1.8270599909489327,
    "min": 42.0,
    "max": 62.0,
    "n": 20
  },
  "final_unique_sequences": {
    "mean": 57.7,
    "std": 6.465291950097845,
    "ci_95": 2.8335391297809878,
    "min": 45.0,
    "max": 71.0,
    "n": 20
  },
  "mean_fitness": {
    "mean": 4950.586077499999,
    "std": 1860.0514255020607,
    "ci_95": 815.2034800973267,
    "min": 644.34176,
    "max": 5808.48322,
    "n": 20
  },
  "final_fitness": {
    "mean": 4820.839000000002,
    "std": 1844.3985804532313,
    "ci_95": 808.3433182855179,
    "min": 625.7,
    "max": 6200.24,
    "n": 20
  },
  "mean_mutation_rate": {
    "mean": 0.05914322812545268,
    "std": 0.0,
    "ci_95": 0.0,
    "min": 0.05914322812545268,
    "max": 0.05914322812545268,
    "n": 20
  },
  "mutation_rate_variance": {
    "mean": 0.0008999477106895408,
    "std": 2.2247359165076434e-19,
    "ci_95": 9.750335052940919e-20,
    "min": 0.000899947710689541,
    "max": 0.000899947710689541,
    "n": 20
  },
  "significant_bigrams": {
    "mean": 1.35,
    "std": 3.2971279367927093,
    "ci_95": 1.445030030647697,
    "min": 0.0,
    "max": 9.0,
    "n": 20
  },
  "significant_trigrams": {
    "mean": 0.65,
    "std": 1.725200217213551,
    "ci_95": 0.7561023322554329,
    "min": 0.0,
    "max": 6.0,
    "n": 20
  },
  "mutual_information_metric": {
    "mean": 0.5083624424908763,
    "std": 1.0324300331435556,
    "ci_95": 0.4524824122797848,
    "min": 0.058148565125958354,
    "max": 3.0222440696696107,
    "n": 20
  },
  "compression_ratio": {
    "mean": 0.07704540908181637,
    "std": 0.007645522274189316,
    "ci_95": 0.003350797875600915,
    "min": 0.060812162432486494,
    "max": 0.09481896379275855,
    "n": 20
  },
  "permutation_bigrams": {
    "mean": 2.6,
    "std": 5.123732192352306,
    "ci_95": 2.2455746421983416,
    "min": 0.0,
    "max": 18.0,
    "n": 20
  },
  "position_entropy": {
    "mean": 0.677154828595574,
    "std": 0.08745460564228023,
    "ci_95": 0.03832867085966875,
    "min": 0.5133951544434358,
    "max": 0.8827819335185572,
    "n": 20
  },
  "ncd_vs_shuffled": {
    "mean": 0.791841151967567,
    "std": 0.0656506439449025,
    "ci_95": 0.028772663314977638,
    "min": 0.7436619718309859,
    "max": 0.9438095238095238,
    "n": 20
  }
}